time,Obs,Mean,F1-Mean,F2-Mean,F2-3DVAR-Mean,sfe11d,sfe12d,sfe13d,sfe31d,sfe32d,sfe33d,sfe41d,sfe42d,sfe43d,N1K1hi,N1K2hi,N2K1hi,N2K2hi,N3K1hi,N3K2hi,N1K1,N1K2,N2K1,N2K2,N3K1,N3K2,N1K1hiV,N1K2hiV,N2K1hiV,N2K2hiV,N3K1hiV,N3K2hiV,N1K1V,N1K2V,N2K1V,N2K2V,N3K1V,N3K2V
1982-01-15,-0.006299999999999528,,,,,,,,,,,,,,,,,,,,,,,,,,,,,,,,,,,,,
1982-02-15,0.5873999999999988,,,,,,,,,,,,,,,,,,,,,,,,,,,,,,,,,,,,,
1982-03-15,0.4792000000000023,,,,,,,,,,,,,,,,,,,,,,,,,,,,,,,,,,,,,
1982-04-15,0.548600000000004,,,,,,,,,,,,,,,,,,,,,,,,,,,,,,,,,,,,,
1982-05-15,0.7679999999999971,,,,,,,,,,,,,,,,,,,,,,,,,,,,,,,,,,,,,
1982-06-15,0.7620999999999967,,,,,,,,,,,,,,,,,,,,,,,,,,,,,,,,,,,,,
1982-07-15,0.6571999999999996,,,,,,,,,,,,,,,,,,,,,,,,,,,,,,,,,,,,,
1982-08-15,0.519599999999997,,,,,,,,,,,,,,,,,,,,,,,,,,,,,,,,,,,,,
1982-09-15,0.33230000000000004,,,,,,,,,,,,,,,,,,,,,,,,,,,,,,,,,,,,,
1982-10-15,0.6918999999999969,,,,,,,,,,,,,,,,,,,,,,,,,,,,,,,,,,,,,
1982-11-15,0.501100000000001,,,,,,,,,,,,,,,,,,,,,,,,,,,,,,,,,,,,,
1982-12-15,0.04380000000000095,,,,,,,,,,,,,,,,,,,,,,,,,,,,,,,,,,,,,
1983-01-15,-0.12299999999999756,,,,,,,,,,,,,,,,,,,,,,,,,,,,,,,,,,,,,
1983-02-15,-0.40360000000000085,,,,,,,,,,,,,,,,,,,,,,,,,,,,,,,,,,,,,
1983-03-15,-0.7900999999999989,,,,,,,,,,,,,,,,,,,,,,,,,,,,,,,,,,,,,
1983-04-15,-0.4845999999999968,,,,,,,,,,,,,,,,,,,,,,,,,,,,,,,,,,,,,
1983-05-15,-0.01640000000000441,,,,,,,,,,,,,,,,,,,,,,,,,,,,,,,,,,,,,
1983-06-15,0.7342999999999975,,,,,,,,,,,,,,,,,,,,,,,,,,,,,,,,,,,,,
1983-07-15,0.9895999999999994,,,,,,,,,,,,,,,,,,,,,,,,,,,,,,,,,,,,,
1983-08-15,0.6518999999999977,,,,,,,,,,,,,,,,,,,,,,,,,,,,,,,,,,,,,
1983-09-15,0.12230000000000274,,,,,,,,,,,,,,,,,,,,,,,,,,,,,,,,,,,,,
1983-10-15,0.328599999999998,,,,,,,,,,,,,,,,,,,,,,,,,,,,,,,,,,,,,
1983-11-15,0.2519999999999989,,,,,,,,,,,,,,,,,,,,,,,,,,,,,,,,,,,,,
1983-12-15,-0.09229999999999805,,,,,,,,,,,,,,,,,,,,,,,,,,,,,,,,,,,,,
1984-01-15,-0.10829999999999629,,,,,,,,,,,,,,,,,,,,,,,,,,,,,,,,,,,,,
1984-02-15,-0.14470000000000027,,,,,,,,,,,,,,,,,,,,,,,,,,,,,,,,,,,,,
1984-03-15,0.014800000000001035,,,,,,,,,,,,,,,,,,,,,,,,,,,,,,,,,,,,,
1984-04-15,0.3647000000000027,,,,,,,,,,,,,,,,,,,,,,,,,,,,,,,,,,,,,
1984-05-15,-0.40970000000000084,,,,,,,,,,,,,,,,,,,,,,,,,,,,,,,,,,,,,
1984-06-15,-0.298600000000004,,,,,,,,,,,,,,,,,,,,,,,,,,,,,,,,,,,,,
1984-07-15,-0.232800000000001,,,,,,,,,,,,,,,,,,,,,,,,,,,,,,,,,,,,,
1984-08-15,-0.1872000000000007,,,,,,,,,,,,,,,,,,,,,,,,,,,,,,,,,,,,,
1984-09-15,-0.32129999999999725,,,,,,,,,,,,,,,,,,,,,,,,,,,,,,,,,,,,,
1984-10-15,-0.09520000000000195,,,,,,,,,,,,,,,,,,,,,,,,,,,,,,,,,,,,,
1984-11-15,-0.22939999999999827,,,,,,,,,,,,,,,,,,,,,,,,,,,,,,,,,,,,,
1984-12-15,-0.13810000000000144,,,,,,,,,,,,,,,,,,,,,,,,,,,,,,,,,,,,,
1985-01-15,-0.14209999999999923,,,,,,,,,,,,,,,,,,,,,,,,,,,,,,,,,,,,,
1985-02-15,-0.3210000000000015,,,,,,,,,,,,,,,,,,,,,,,,,,,,,,,,,,,,,
1985-03-15,-0.10329999999999728,,,,,,,,,,,,,,,,,,,,,,,,,,,,,,,,,,,,,
1985-04-15,0.024600000000003064,,,,,,,,,,,,,,,,,,,,,,,,,,,,,,,,,,,,,
1985-05-15,0.1427999999999976,,,,,,,,,,,,,,,,,,,,,,,,,,,,,,,,,,,,,
1985-06-15,-0.36320000000000263,,,,,,,,,,,,,,,,,,,,,,,,,,,,,,,,,,,,,
1985-07-15,-0.3821000000000012,,,,,,,,,,,,,,,,,,,,,,,,,,,,,,,,,,,,,
1985-08-15,-0.10530000000000328,,,,,,,,,,,,,,,,,,,,,,,,,,,,,,,,,,,,,
1985-09-15,-0.09869999999999735,,,,,,,,,,,,,,,,,,,,,,,,,,,,,,,,,,,,,
1985-10-15,-0.3471000000000011,,,,,,,,,,,,,,,,,,,,,,,,,,,,,,,,,,,,,
1985-11-15,0.2790999999999997,,,,,,,,,,,,,,,,,,,,,,,,,,,,,,,,,,,,,
1985-12-15,-0.08759999999999835,,,,,,,,,,,,,,,,,,,,,,,,,,,,,,,,,,,,,
1986-01-15,0.09380000000000166,,,,,,,,,,,,,,,,,,,,,,,,,,,,,,,,,,,,,
1986-02-15,0.26459999999999795,,,,,,,,,,,,,,,,,,,,,,,,,,,,,,,,,,,,,
1986-03-15,0.4540000000000006,,,,,,,,,,,,,,,,,,,,,,,,,,,,,,,,,,,,,
1986-04-15,0.2444000000000024,,,,,,,,,,,,,,,,,,,,,,,,,,,,,,,,,,,,,
1986-05-15,0.2521999999999984,,,,,,,,,,,,,,,,,,,,,,,,,,,,,,,,,,,,,
1986-06-15,-0.08400000000000318,,,,,,,,,,,,,,,,,,,,,,,,,,,,,,,,,,,,,
1986-07-15,-0.44180000000000064,,,,,,,,,,,,,,,,,,,,,,,,,,,,,,,,,,,,,
1986-08-15,-0.08960000000000079,,,,,,,,,,,,,,,,,,,,,,,,,,,,,,,,,,,,,
1986-09-15,0.14750000000000085,,,,,,,,,,,,,,,,,,,,,,,,,,,,,,,,,,,,,
1986-10-15,0.05859999999999843,,,,,,,,,,,,,,,,,,,,,,,,,,,,,,,,,,,,,
1986-11-15,0.44620000000000104,,,,,,,,,,,,,,,,,,,,,,,,,,,,,,,,,,,,,
1986-12-15,0.0882000000000005,,,,,,,,,,,,,,,,,,,,,,,,,,,,,,,,,,,,,
1987-01-15,-0.030999999999998806,,,,,,,,,,,,,,,,,,,,,,,,,,,,,,,,,,,,,
1987-02-15,0.00019999999999953388,,,,,,,,,,,,,,,,,,,,,,,,,,,,,,,,,,,,,
1987-03-15,-0.45679999999999765,,,,,,,,,,,,,,,,,,,,,,,,,,,,,,,,,,,,,
1987-04-15,-0.3369999999999962,,,,,,,,,,,,,,,,,,,,,,,,,,,,,,,,,,,,,
1987-05-15,0.1062999999999974,,,,,,,,,,,,,,,,,,,,,,,,,,,,,,,,,,,,,
1987-06-15,0.001899999999995572,,,,,,,,,,,,,,,,,,,,,,,,,,,,,,,,,,,,,
1987-07-15,-0.1363000000000021,,,,,,,,,,,,,,,,,,,,,,,,,,,,,,,,,,,,,
1987-08-15,0.1308999999999969,,,,,,,,,,,,,,,,,,,,,,,,,,,,,,,,,,,,,
1987-09-15,0.5152000000000037,,,,,,,,,,,,,,,,,,,,,,,,,,,,,,,,,,,,,
1987-10-15,0.5492999999999988,,,,,,,,,,,,,,,,,,,,,,,,,,,,,,,,,,,,,
1987-11-15,-0.07130000000000081,,,,,,,,,,,,,,,,,,,,,,,,,,,,,,,,,,,,,
1987-12-15,-0.12539999999999907,,,,,,,,,,,,,,,,,,,,,,,,,,,,,,,,,,,,,
1988-01-15,0.1417000000000037,,,,,,,,,,,,,,,,,,,,,,,,,,,,,,,,,,,,,
1988-02-15,0.1390999999999991,,,,,,,,,,,,,,,,,,,,,,,,,,,,,,,,,,,,,
1988-03-15,-0.028499999999997527,,,,,,,,,,,,,,,,,,,,,,,,,,,,,,,,,,,,,
1988-04-15,0.2897999999999996,,,,,,,,,,,,,,,,,,,,,,,,,,,,,,,,,,,,,
1988-05-15,-0.398100000000003,,,,,,,,,,,,,,,,,,,,,,,,,,,,,,,,,,,,,
1988-06-15,-0.30470000000000397,,,,,,,,,,,,,,,,,,,,,,,,,,,,,,,,,,,,,
1988-07-15,0.0730000000000004,,,,,,,,,,,,,,,,,,,,,,,,,,,,,,,,,,,,,
1988-08-15,-0.01850000000000307,,,,,,,,,,,,,,,,,,,,,,,,,,,,,,,,,,,,,
1988-09-15,-0.1961999999999975,,,,,,,,,,,,,,,,,,,,,,,,,,,,,,,,,,,,,
1988-10-15,-0.31190000000000495,,,,,,,,,,,,,,,,,,,,,,,,,,,,,,,,,,,,,
1988-11-15,-0.19529999999999959,,,,,,,,,,,,,,,,,,,,,,,,,,,,,,,,,,,,,
1988-12-15,0.27890000000000015,,,,,,,,,,,,,,,,,,,,,,,,,,,,,,,,,,,,,
1989-01-15,-0.4516999999999953,,,,,,,,,,,,,,,,,,,,,,,,,,,,,,,,,,,,,
1989-02-15,0.40179999999999794,,,,,,,,,,,,,,,,,,,,,,,,,,,,,,,,,,,,,
1989-03-15,-0.10579999999999856,,,,,,,,,,,,,,,,,,,,,,,,,,,,,,,,,,,,,
1989-04-15,-0.03319999999999723,,,,,,,,,,,,,,,,,,,,,,,,,,,,,,,,,,,,,
1989-05-15,-0.03630000000000422,,,,,,,,,,,,,,,,,,,,,,,,,,,,,,,,,,,,,
1989-06-15,-0.5409000000000042,,,,,,,,,,,,,,,,,,,,,,,,,,,,,,,,,,,,,
1989-07-15,-0.0704000000000029,,,,,,,,,,,,,,,,,,,,,,,,,,,,,,,,,,,,,
1989-08-15,-0.6595000000000013,,,,,,,,,,,,,,,,,,,,,,,,,,,,,,,,,,,,,
1989-09-15,-0.4846999999999966,,,,,,,,,,,,,,,,,,,,,,,,,,,,,,,,,,,,,
1989-10-15,-0.5703999999999994,,,,,,,,,,,,,,,,,,,,,,,,,,,,,,,,,,,,,
1989-11-15,-0.40719999999999956,,,,,,,,,,,,,,,,,,,,,,,,,,,,,,,,,,,,,
1989-12-15,0.019400000000000972,,,,,,,,,,,,,,,,,,,,,,,,,,,,,,,,,,,,,
1990-01-15,0.392000000000003,,,,,,,,,,,,,,,,,,,,,,,,,,,,,,,,,,,,,
1990-02-15,-0.10020000000000095,,,,,,,,,,,,,,,,,,,,,,,,,,,,,,,,,,,,,
1990-03-15,-0.0008999999999979025,,,,,,,,,,,,,,,,,,,,,,,,,,,,,,,,,,,,,
1990-04-15,-0.16669999999999874,,,,,,,,,,,,,,,,,,,,,,,,,,,,,,,,,,,,,
1990-05-15,-0.4054000000000002,,,,,,,,,,,,,,,,,,,,,,,,,,,,,,,,,,,,,
1990-06-15,-0.32670000000000243,,,,,,,,,,,,,,,,,,,,,,,,,,,,,,,,,,,,,
1990-07-15,0.0666000000000011,,,,,,,,,,,,,,,,,,,,,,,,,,,,,,,,,,,,,
1990-08-15,-0.0727000000000011,,,,,,,,,,,,,,,,,,,,,,,,,,,,,,,,,,,,,
1990-09-15,-0.3714999999999975,,,,,,,,,,,,,,,,,,,,,,,,,,,,,,,,,,,,,
1990-10-15,-0.7875000000000014,,,,,,,,,,,,,,,,,,,,,,,,,,,,,,,,,,,,,
1990-11-15,0.02049999999999841,,,,,,,,,,,,,,,,,,,,,,,,,,,,,,,,,,,,,
1990-12-15,-0.1269999999999989,,,,,,,,,,,,,,,,,,,,,,,,,,,,,,,,,,,,,
1991-01-15,0.11350000000000549,,,,,,,,,,,,,,,,,,,,,,,,,,,,,,,,,,,,,
1991-02-15,0.1507000000000005,,,,,,,,,,,,,,,,,,,,,,,,,,,,,,,,,,,,,
1991-03-15,-0.2108999999999952,,,,,,,,,,,,,,,,,,,,,,,,,,,,,,,,,,,,,
1991-04-15,0.8205000000000027,,,,,,,,,,,,,,,,,,,,,,,,,,,,,,,,,,,,,
1991-05-15,0.7358999999999973,,,,,,,,,,,,,,,,,,,,,,,,,,,,,,,,,,,,,
1991-06-15,0.28759999999999764,,,,,,,,,,,,,,,,,,,,,,,,,,,,,,,,,,,,,
1991-07-15,0.15679999999999694,,,,,,,,,,,,,,,,,,,,,,,,,,,,,,,,,,,,,
1991-08-15,-0.18570000000000064,,,,,,,,,,,,,,,,,,,,,,,,,,,,,,,,,,,,,
1991-09-15,0.3185000000000038,,,,,,,,,,,,,,,,,,,,,,,,,,,,,,,,,,,,,
1991-10-15,0.12689999999999912,,,,,,,,,,,,,,,,,,,,,,,,,,,,,,,,,,,,,
1991-11-15,0.22800000000000153,,,,,,,,,,,,,,,,,,,,,,,,,,,,,,,,,,,,,
1991-12-15,0.289200000000001,,,,,,,,,,,,,,,,,,,,,,,,,,,,,,,,,,,,,
1992-01-15,-0.4011999999999958,,,,,,,,,,,,,,,,,,,,,,,,,,,,,,,,,,,,,
1992-02-15,-0.3298000000000023,,,,,,,,,,,,,,,,,,,,,,,,,,,,,,,,,,,,,
1992-03-15,-0.6103999999999985,,,,,,,,,,,,,,,,,,,,,,,,,,,,,,,,,,,,,
1992-04-15,-0.5534999999999997,,,,,,,,,,,,,,,,,,,,,,,,,,,,,,,,,,,,,
1992-05-15,-0.42310000000000514,,,,,,,,,,,,,,,,,,,,,,,,,,,,,,,,,,,,,
1992-06-15,-0.5123000000000033,,,,,,,,,,,,,,,,,,,,,,,,,,,,,,,,,,,,,
1992-07-15,-0.38370000000000104,,,,,,,,,,,,,,,,,,,,,,,,,,,,,,,,,,,,,
1992-08-15,-0.7312000000000012,,,,,,,,,,,,,,,,,,,,,,,,,,,,,,,,,,,,,
1992-09-15,-0.7312999999999974,,,,,,,,,,,,,,,,,,,,,,,,,,,,,,,,,,,,,
1992-10-15,-0.4292000000000016,,,,,,,,,,,,,,,,,,,,,,,,,,,,,,,,,,,,,
1992-11-15,-0.0033999999999991815,,,,,,,,,,,,,,,,,,,,,,,,,,,,,,,,,,,,,
1992-12-15,-0.14359999999999928,,,,,,,,,,,,,,,,,,,,,,,,,,,,,,,,,,,,,
1993-01-15,-0.0747999999999962,,,,,,,,,,,,,,,,,,,,,,,,,,,,,,,,,,,,,
1993-02-15,-0.10040000000000049,,,,,,,,,,,,,,,,,,,,,,,,,,,,,,,,,,,,,
1993-03-15,-0.23859999999999815,,,,,,,,,,,,,,,,,,,,,,,,,,,,,,,,,,,,,
1993-04-15,-0.19379999999999953,,,,,,,,,,,,,,,,,,,,,,,,,,,,,,,,,,,,,
1993-05-15,0.43849999999999767,,,,,,,,,,,,,,,,,,,,,,,,,,,,,,,,,,,,,
1993-06-15,0.100799999999996,,,,,,,,,,,,,,,,,,,,,,,,,,,,,,,,,,,,,
1993-07-15,0.30909999999999727,,,,,,,,,,,,,,,,,,,,,,,,,,,,,,,,,,,,,
1993-08-15,-0.05190000000000339,,,,,,,,,,,,,,,,,,,,,,,,,,,,,,,,,,,,,
1993-09-15,-0.47469999999999857,,,,,,,,,,,,,,,,,,,,,,,,,,,,,,,,,,,,,
1993-10-15,-0.1525000000000034,,,,,,,,,,,,,,,,,,,,,,,,,,,,,,,,,,,,,
1993-11-15,-0.23409999999999798,,,,,,,,,,,,,,,,,,,,,,,,,,,,,,,,,,,,,
1993-12-15,-0.3457000000000008,,,,,,,,,,,,,,,,,,,,,,,,,,,,,,,,,,,,,
1994-01-15,0.2532000000000032,,,,,,,,,,,,,,,,,,,,,,,,,,,,,,,,,,,,,
1994-02-15,-0.15940000000000154,,,,,,,,,,,,,,,,,,,,,,,,,,,,,,,,,,,,,
1994-03-15,0.2774000000000001,,,,,,,,,,,,,,,,,,,,,,,,,,,,,,,,,,,,,
1994-04-15,0.5175000000000018,,,,,,,,,,,,,,,,,,,,,,,,,,,,,,,,,,,,,
1994-05-15,0.6280999999999963,,,,,,,,,,,,,,,,,,,,,,,,,,,,,,,,,,,,,
1994-06-15,0.4066999999999972,,,,,,,,,,,,,,,,,,,,,,,,,,,,,,,,,,,,,
1994-07-15,0.8638999999999974,,,,,,,,,,,,,,,,,,,,,,,,,,,,,,,,,,,,,
1994-08-15,1.1538999999999966,,,,,,,,,,,,,,,,,,,,,,,,,,,,,,,,,,,,,
1994-09-15,0.8917000000000037,,,,,,,,,,,,,,,,,,,,,,,,,,,,,,,,,,,,,
1994-10-15,1.6670999999999978,,,,,,,,,,,,,,,,,,,,,,,,,,,,,,,,,,,,,
1994-11-15,0.21039999999999992,,,,,,,,,,,,,,,,,,,,,,,,,,,,,,,,,,,,,
1994-12-15,-0.16719999999999757,,,,,,,,,,,,,,,,,,,,,,,,,,,,,,,,,,,,,
1995-01-15,-0.14989999999999526,,,,,,,,,,,,,,,,,,,,,,,,,,,,,,,,,,,,,
1995-02-15,0.5858000000000025,,,,,,,,,,,,,,,,,,,,,,,,,,,,,,,,,,,,,
1995-03-15,0.23490000000000322,,,,,,,,,,,,,,,,,,,,,,,,,,,,,,,,,,,,,
1995-04-15,-0.0035999999999987153,,,,,,,,,,,,,,,,,,,,,,,,,,,,,,,,,,,,,
1995-05-15,0.19489999999999696,,,,,,,,,,,,,,,,,,,,,,,,,,,,,,,,,,,,,
1995-06-15,0.08289999999999509,,,,,,,,,,,,,,,,,,,,,,,,,,,,,,,,,,,,,
1995-07-15,-0.43650000000000233,,,,,,,,,,,,,,,,,,,,,,,,,,,,,,,,,,,,,
1995-08-15,-0.30400000000000205,,,,,,,,,,,,,,,,,,,,,,,,,,,,,,,,,,,,,
1995-09-15,-0.1305999999999976,,,,,,,,,,,,,,,,,,,,,,,,,,,,,,,,,,,,,
1995-10-15,-0.12600000000000122,,,,,,,,,,,,,,,,,,,,,,,,,,,,,,,,,,,,,
1995-11-15,-0.5442999999999998,,,,,,,,,,,,,,,,,,,,,,,,,,,,,,,,,,,,,
1995-12-15,0.43290000000000006,,,,,,,,,,,,,,,,,,,,,,,,,,,,,,,,,,,,,
1996-01-15,0.35770000000000124,,,,,,,,,,,,,,,,,,,,,,,,,,,,,,,,,,,,,
1996-02-15,0.43629999999999924,,,,,,,,,,,,,,,,,,,,,,,,,,,,,,,,,,,,,
1996-03-15,-0.14129999999999754,,,,,,,,,,,,,,,,,,,,,,,,,,,,,,,,,,,,,
1996-04-15,-0.41279999999999717,,,,,,,,,,,,,,,,,,,,,,,,,,,,,,,,,,,,,
1996-05-15,-0.34430000000000405,,,,,,,,,,,,,,,,,,,,,,,,,,,,,,,,,,,,,
1996-06-15,-0.2850999999999999,,,,,,,,,,,,,,,,,,,,,,,,,,,,,,,,,,,,,
1996-07-15,-0.5031000000000034,,,,,,,,,,,,,,,,,,,,,,,,,,,,,,,,,,,,,
1996-08-15,-0.939700000000002,,,,,,,,,,,,,,,,,,,,,,,,,,,,,,,,,,,,,
1996-09-15,-0.6018000000000008,,,,,,,,,,,,,,,,,,,,,,,,,,,,,,,,,,,,,
1996-10-15,-1.191900000000004,,,,,,,,,,,,,,,,,,,,,,,,,,,,,,,,,,,,,
1996-11-15,-0.870000000000001,,,,,,,,,,,,,,,,,,,,,,,,,,,,,,,,,,,,,
1996-12-15,-0.3001999999999967,,,,,,,,,,,,,,,,,,,,,,,,,,,,,,,,,,,,,
1997-01-15,-0.028799999999996828,,,,,,,,,,,,,,,,,,,,,,,,,,,,,,,,,,,,,
1997-02-15,0.21089999999999876,,,,,,,,,,,,,,,,,,,,,,,,,,,,,,,,,,,,,
1997-03-15,0.02009999999999934,,,,,,,,,,,,,,,,,,,,,,,,,,,,,,,,,,,,,
1997-04-15,-0.11749999999999616,,,,,,,,,,,,,,,,,,,,,,,,,,,,,,,,,,,,,
1997-05-15,-0.17370000000000374,,,,,,,,,,,,,,,,,,,,,,,,,,,,,,,,,,,,,
1997-06-15,0.026899999999997704,,,,,,,,,,,,,,,,,,,,,,,,,,,,,,,,,,,,,
1997-07-15,0.9391999999999996,,,,,,,,,,,,,,,,,,,,,,,,,,,,,,,,,,,,,
1997-08-15,0.4256999999999955,,,,,,,,,,,,,,,,,,,,,,,,,,,,,,,,,,,,,
1997-09-15,0.6580000000000048,,,,,,,,,,,,,,,,,,,,,,,,,,,,,,,,,,,,,
1997-10-15,1.473399999999998,,,,,,,,,,,,,,,,,,,,,,,,,,,,,,,,,,,,,
1997-11-15,1.5962000000000032,,,,,,,,,,,,,,,,,,,,,,,,,,,,,,,,,,,,,
1997-12-15,0.5585000000000022,,,,,,,,,,,,,,,,,,,,,,,,,,,,,,,,,,,,,
1998-01-15,0.49360000000000426,,,,,,,,,,,,,,,,,,,,,,,,,,,,,,,,,,,,,
1998-02-15,0.2937999999999974,,,,,,,,,,,,,,,,,,,,,,,,,,,,,,,,,,,,,
1998-03-15,-0.35949999999999704,,,,,,,,,,,,,,,,,,,,,,,,,,,,,,,,,,,,,
1998-04-15,-0.2179000000000002,,,,,,,,,,,,,,,,,,,,,,,,,,,,,,,,,,,,,
1998-05-15,0.04089999999999705,,,,,,,,,,,,,,,,,,,,,,,,,,,,,,,,,,,,,
1998-06-15,0.19719999999999516,,,,,,,,,,,,,,,,,,,,,,,,,,,,,,,,,,,,,
1998-07-15,-0.5692999999999984,,,,,,,,,,,,,,,,,,,,,,,,,,,,,,,,,,,,,
1998-08-15,-0.8874000000000031,,,,,,,,,,,,,,,,,,,,,,,,,,,,,,,,,,,,,
1998-09-15,-0.7151999999999958,,,,,,,,,,,,,,,,,,,,,,,,,,,,,,,,,,,,,
1998-10-15,-0.8754000000000026,,,,,,,,,,,,,,,,,,,,,,,,,,,,,,,,,,,,,
1998-11-15,-0.8340999999999994,,,,,,,,,,,,,,,,,,,,,,,,,,,,,,,,,,,,,
1998-12-15,-0.33140000000000214,,,,,,,,,,,,,,,,,,,,,,,,,,,,,,,,,,,,,
1999-01-15,-0.4801999999999964,,,,,,,,,,,,,,,,,,,,,,,,,,,,,,,,,,,,,
1999-02-15,-0.17890000000000228,,,,,,,,,,,,,,,,,,,,,,,,,,,,,,,,,,,,,
1999-03-15,0.08050000000000068,,,,,,,,,,,,,,,,,,,,,,,,,,,,,,,,,,,,,
1999-04-15,0.008900000000000574,,,,,,,,,,,,,,,,,,,,,,,,,,,,,,,,,,,,,
1999-05-15,-0.3745000000000047,,,,,,,,,,,,,,,,,,,,,,,,,,,,,,,,,,,,,
1999-06-15,-0.19260000000000232,,,,,,,,,,,,,,,,,,,,,,,,,,,,,,,,,,,,,
1999-07-15,0.05979999999999919,,,,,,,,,,,,,,,,,,,,,,,,,,,,,,,,,,,,,
1999-08-15,-0.11620000000000275,,,,,,,,,,,,,,,,,,,,,,,,,,,,,,,,,,,,,
1999-09-15,0.10130000000000194,,,,,,,,,,,,,,,,,,,,,,,,,,,,,,,,,,,,,
1999-10-15,-0.4686000000000021,,,,,,,,,,,,,,,,,,,,,,,,,,,,,,,,,,,,,
1999-11-15,-0.295300000000001,,,,,,,,,,,,,,,,,,,,,,,,,,,,,,,,,,,,,
1999-12-15,-0.05099999999999838,,,,,,,,,,,,,,,,,,,,,,,,,,,,,,,,,,,,,
2000-01-15,0.1548000000000016,,,,,,,,,,,,,,,,,,,,,,,,,,,,,,,,,,,,,
2000-02-15,0.4529999999999994,,,,,,,,,,,,,,,,,,,,,,,,,,,,,,,,,,,,,
2000-03-15,0.6966000000000001,,,,,,,,,,,,,,,,,,,,,,,,,,,,,,,,,,,,,
2000-04-15,0.5406000000000049,,,,,,,,,,,,,,,,,,,,,,,,,,,,,,,,,,,,,
2000-05-15,0.3463999999999956,,,,,,,,,,,,,,,,,,,,,,,,,,,,,,,,,,,,,
2000-06-15,-0.14490000000000336,,,,,,,,,,,,,,,,,,,,,,,,,,,,,,,,,,,,,
2000-07-15,0.3869999999999969,,,,,,,,,,,,,,,,,,,,,,,,,,,,,,,,,,,,,
2000-08-15,0.1497999999999955,,,,,,,,,,,,,,,,,,,,,,,,,,,,,,,,,,,,,
2000-09-15,0.10960000000000392,,,,,,,,,,,,,,,,,,,,,,,,,,,,,,,,,,,,,
2000-10-15,-0.21510000000000318,,,,,,,,,,,,,,,,,,,,,,,,,,,,,,,,,,,,,
2000-11-15,0.21280000000000143,,,,,,,,,,,,,,,,,,,,,,,,,,,,,,,,,,,,,
2000-12-15,0.18989999999999796,,,,,,,,,,,,,,,,,,,,,,,,,,,,,,,,,,,,,
2001-01-15,0.3032000000000039,,,,,,,,,,,,,,,,,,,,,,,,,,,,,,,,,,,,,
2001-02-15,0.4452999999999996,,,,,,,,,,,,,,,,,,,,,,,,,,,,,,,,,,,,,
2001-03-15,0.6677,,,,,,,,,,,,,,,,,,,,,,,,,,,,,,,,,,,,,
2001-04-15,0.2261000000000024,,,,,,,,,,,,,,,,,,,,,,,,,,,,,,,,,,,,,
2001-05-15,0.09939999999999927,,,,,,,,,,,,,,,,,,,,,,,,,,,,,,,,,,,,,
2001-06-15,0.09829999999999472,,,,,,,,,,,,,,,,,,,,,,,,,,,,,,,,,,,,,
2001-07-15,-0.6249000000000038,,,,,,,,,,,,,,,,,,,,,,,,,,,,,,,,,,,,,
2001-08-15,-0.46969999999999956,,,,,,,,,,,,,,,,,,,,,,,,,,,,,,,,,,,,,
2001-09-15,-0.33409999999999584,,,,,,,,,,,,,,,,,,,,,,,,,,,,,,,,,,,,,
2001-10-15,-0.2225000000000037,,,,,,,,,,,,,,,,,,,,,,,,,,,,,,,,,,,,,
2001-11-15,0.1336999999999975,,,,,,,,,,,,,,,,,,,,,,,,,,,,,,,,,,,,,
2001-12-15,0.13899999999999935,,,,,,,,,,,,,,,,,,,,,,,,,,,,,,,,,,,,,
2002-01-15,0.012300000000003308,,,,,,,,,,,,,,,,,,,,,,,,,,,,,,,,,,,,,
2002-02-15,0.05379999999999896,,,,,,,,,,,,,,,,,,,,,,,,,,,,,,,,,,,,,
2002-03-15,-0.17409999999999926,,,,,,,,,,,,,,,,,,,,,,,,,,,,,,,,,,,,,
2002-04-15,-0.3642999999999965,,,,,,,,,,,,,,,,,,,,,,,,,,,,,,,,,,,,,
2002-05-15,-0.5961999999999996,,,,,,,,,,,,,,,,,,,,,,,,,,,,,,,,,,,,,
2002-06-15,-0.17410000000000636,,,,,,,,,,,,,,,,,,,,,,,,,,,,,,,,,,,,,
2002-07-15,-0.4151999999999987,,,,,,,,,,,,,,,,,,,,,,,,,,,,,,,,,,,,,
2002-08-15,-0.22520000000000095,,,,,,,,,,,,,,,,,,,,,,,,,,,,,,,,,,,,,
2002-09-15,0.46280000000000143,,,,,,,,,,,,,,,,,,,,,,,,,,,,,,,,,,,,,
2002-10-15,0.5427999999999962,,,,,,,,,,,,,,,,,,,,,,,,,,,,,,,,,,,,,
2002-11-15,0.49549999999999983,,,,,,,,,,,,,,,,,,,,,,,,,,,,,,,,,,,,,
2002-12-15,-0.06559999999999988,,,,,,,,,,,,,,,,,,,,,,,,,,,,,,,,,,,,,
2003-01-15,-0.2842999999999982,,,,,,,,,,,,,,,,,,,,,,,,,,,,,,,,,,,,,
2003-02-15,0.27169999999999916,,,,,,,,,,,,,,,,,,,,,,,,,,,,,,,,,,,,,
2003-03-15,0.2987000000000002,,,,,,,,,,,,,,,,,,,,,,,,,,,,,,,,,,,,,
2003-04-15,0.02720000000000411,,,,,,,,,,,,,,,,,,,,,,,,,,,,,,,,,,,,,
2003-05-15,0.25769999999999627,,,,,,,,,,,,,,,,,,,,,,,,,,,,,,,,,,,,,
2003-06-15,0.45989999999999753,,,,,,,,,,,,,,,,,,,,,,,,,,,,,,,,,,,,,
2003-07-15,0.5582999999999991,,,,,,,,,,,,,,,,,,,,,,,,,,,,,,,,,,,,,
2003-08-15,0.6009999999999991,,,,,,,,,,,,,,,,,,,,,,,,,,,,,,,,,,,,,
2003-09-15,-0.00549999999999784,,,,,,,,,,,,,,,,,,,,,,,,,,,,,,,,,,,,,
2003-10-15,-0.029500000000002302,,,,,,,,,,,,,,,,,,,,,,,,,,,,,,,,,,,,,
2003-11-15,-0.28149999999999764,,,,,,,,,,,,,,,,,,,,,,,,,,,,,,,,,,,,,
2003-12-15,0.21650000000000347,,,,,,,,,,,,,,,,,,,,,,,,,,,,,,,,,,,,,
2004-01-15,-0.09769999999999968,,,,,,,,,,,,,,,,,,,,,,,,,,,,,,,,,,,,,
2004-02-15,0.0686,,,,,,,,,,,,,,,,,,,,,,,,,,,,,,,,,,,,,
2004-03-15,0.29870000000000374,,,,,,,,,,,,,,,,,,,,,,,,,,,,,,,,,,,,,
2004-04-15,-0.4066999999999972,,,,,,,,,,,,,,,,,,,,,,,,,,,,,,,,,,,,,
2004-05-15,-0.11760000000000304,,,,,,,,,,,,,,,,,,,,,,,,,,,,,,,,,,,,,
2004-06-15,-0.35130000000000194,,,,,,,,,,,,,,,,,,,,,,,,,,,,,,,,,,,,,
2004-07-15,-0.4079000000000015,,,,,,,,,,,,,,,,,,,,,,,,,,,,,,,,,,,,,
2004-08-15,0.03639999999999688,,,,,,,,,,,,,,,,,,,,,,,,,,,,,,,,,,,,,
2004-09-15,0.009299999999999642,,,,,,,,,,,,,,,,,,,,,,,,,,,,,,,,,,,,,
2004-10-15,0.09849999999999781,,,,,,,,,,,,,,,,,,,,,,,,,,,,,,,,,,,,,
2004-11-15,-0.14290000000000092,,,,,,,,,,,,,,,,,,,,,,,,,,,,,,,,,,,,,
2004-12-15,-0.037599999999997635,,,,,,,,,,,,,,,,,,,,,,,,,,,,,,,,,,,,,
2005-01-15,-0.18089999999999407,,,,,,,,,,,,,,,,,,,,,,,,,,,,,,,,,,,,,
2005-02-15,-0.8160999999999987,,,,,,,,,,,,,,,,,,,,,,,,,,,,,,,,,,,,,
2005-03-15,-0.7383999999999986,,,,,,,,,,,,,,,,,,,,,,,,,,,,,,,,,,,,,
2005-04-15,0.10910000000000508,,,,,,,,,,,,,,,,,,,,,,,,,,,,,,,,,,,,,
2005-05-15,0.0887999999999991,,,,,,,,,,,,,,,,,,,,,,,,,,,,,,,,,,,,,
2005-06-15,0.06909999999999528,,,,,,,,,,,,,,,,,,,,,,,,,,,,,,,,,,,,,
2005-07-15,-0.4878999999999998,,,,,,,,,,,,,,,,,,,,,,,,,,,,,,,,,,,,,
2005-08-15,-0.4067000000000043,,,,,,,,,,,,,,,,,,,,,,,,,,,,,,,,,,,,,
2005-09-15,-0.39310000000000045,,,,,,,,,,,,,,,,,,,,,,,,,,,,,,,,,,,,,
2005-10-15,-0.44209999999999994,,,,,,,,,,,,,,,,,,,,,,,,,,,,,,,,,,,,,
2005-11-15,-0.3312999999999988,,,,,,,,,,,,,,,,,,,,,,,,,,,,,,,,,,,,,
2005-12-15,-0.37870000000000203,,,,,,,,,,,,,,,,,,,,,,,,,,,,,,,,,,,,,
2006-01-15,-0.13539999999999708,,,,,,,,,,,,,,,,,,,,,,,,,,,,,,,,,,,,,
2006-02-15,-0.660499999999999,,,,,,,,,,,,,,,,,,,,,,,,,,,,,,,,,,,,,
2006-03-15,-0.17229999999999634,,,,,,,,,,,,,,,,,,,,,,,,,,,,,,,,,,,,,
2006-04-15,0.17130000000000223,,,,,,,,,,,,,,,,,,,,,,,,,,,,,,,,,,,,,
2006-05-15,-0.11920000000000286,,,,,,,,,,,,,,,,,,,,,,,,,,,,,,,,,,,,,
2006-06-15,-0.2984000000000009,,,,,,,,,,,,,,,,,,,,,,,,,,,,,,,,,,,,,
2006-07-15,-0.19379999999999953,,,,,,,,,,,,,,,,,,,,,,,,,,,,,,,,,,,,,
2006-08-15,0.3159999999999954,,,,,,,,,,,,,,,,,,,,,,,,,,,,,,,,,,,,,
2006-09-15,0.6805000000000021,,,,,,,,,,,,,,,,,,,,,,,,,,,,,,,,,,,,,
2006-10-15,1.0893999999999977,,,,,,,,,,,,,,,,,,,,,,,,,,,,,,,,,,,,,
2006-11-15,0.970200000000002,,,,,,,,,,,,,,,,,,,,,,,,,,,,,,,,,,,,,
2006-12-15,0.6006,,,,,,,,,,,,,,,,,,,,,,,,,,,,,,,,,,,,,
2007-01-15,0.2560000000000038,,,,,,,,,,,,,,,,,,,,,,,,,,,,,,,,,,,,,
2007-02-15,-0.2738000000000014,,,,,,,,,,,,,,,,,,,,,,,,,,,,,,,,,,,,,
2007-03-15,0.26950000000000074,,,,,,,,,,,,,,,,,,,,,,,,,,,,,,,,,,,,,
2007-04-15,0.23380000000000223,,,,,,,,,,,,,,,,,,,,,,,,,,,,,,,,,,,,,
2007-05-15,0.41959999999999553,,,,,,,,,,,,,,,,,,,,,,,,,,,,,,,,,,,,,
2007-06-15,0.4774999999999956,,,,,,,,,,,,,,,,,,,,,,,,,,,,,,,,,,,,,
2007-07-15,0.48359999999999914,,,,,,,,,,,,,,,,,,,,,,,,,,,,,,,,,,,,,
2007-08-15,0.4131999999999998,,,,,,,,,,,,,,,,,,,,,,,,,,,,,,,,,,,,,
2007-09-15,0.34660000000000224,,,,,,,,,,,,,,,,,,,,,,,,,,,,,,,,,,,,,
2007-10-15,-0.03580000000000183,,,,,,,,,,,,,,,,,,,,,,,,,,,,,,,,,,,,,
2007-11-15,-0.2514000000000003,,,,,,,,,,,,,,,,,,,,,,,,,,,,,,,,,,,,,
2007-12-15,-0.27580000000000027,,,,,,,,,,,,,,,,,,,,,,,,,,,,,,,,,,,,,
2008-01-15,0.08850000000000335,,,,,,,,,,,,,,,,,,,,,,,,,,,,,,,,,,,,,
2008-02-15,-0.40220000000000056,,,,,,,,,,,,,,,,,,,,,,,,,,,,,,,,,,,,,
2008-03-15,-0.01869999999999905,,,,,,,,,,,,,,,,,,,,,,,,,,,,,,,,,,,,,
2008-04-15,-0.4226999999999954,,,,,,,,,,,,,,,,,,,,,,,,,,,,,,,,,,,,,
2008-05-15,0.31489999999999796,,,,,,,,,,,,,,,,,,,,,,,,,,,,,,,,,,,,,
2008-06-15,0.41349999999999554,,,,,,,,,,,,,,,,,,,,,,,,,,,,,,,,,,,,,
2008-07-15,0.5771999999999977,,,,,,,,,,,,,,,,,,,,,,,,,,,,,,,,,,,,,
2008-08-15,0.4251999999999967,,,,,,,,,,,,,,,,,,,,,,,,,,,,,,,,,,,,,
2008-09-15,-0.4262999999999977,,,,,,,,,,,,,,,,,,,,,,,,,,,,,,,,,,,,,
2008-10-15,0.015699999999998937,,,,,,,,,,,,,,,,,,,,,,,,,,,,,,,,,,,,,
2008-11-15,-0.266099999999998,,,,,,,,,,,,,,,,,,,,,,,,,,,,,,,,,,,,,
2008-12-15,-0.388300000000001,,,,,,,,,,,,,,,,,,,,,,,,,,,,,,,,,,,,,
2009-01-15,-0.08389999999999631,,,,,,,,,,,,,,,,,,,,,,,,,,,,,,,,,,,,,
2009-02-15,0.3470000000000013,,,,,,,,,,,,,,,,,,,,,,,,,,,,,,,,,,,,,
2009-03-15,0.5156000000000027,,,,,,,,,,,,,,,,,,,,,,,,,,,,,,,,,,,,,
2009-04-15,0.14550000000000196,,,,,,,,,,,,,,,,,,,,,,,,,,,,,,,,,,,,,
2009-05-15,0.20339999999999847,,,,,,,,,,,,,,,,,,,,,,,,,,,,,,,,,,,,,
2009-06-15,0.12359999999999971,,,,,,,,,,,,,,,,,,,,,,,,,,,,,,,,,,,,,
2009-07-15,-0.41329999999999956,,,,,,,,,,,,,,,,,,,,,,,,,,,,,,,,,,,,,
2009-08-15,-0.44030000000000413,,,,,,,,,,,,,,,,,,,,,,,,,,,,,,,,,,,,,
2009-09-15,-0.2367999999999988,,,,,,,,,,,,,,,,,,,,,,,,,,,,,,,,,,,,,
2009-10-15,-0.009000000000003894,,,,,,,,,,,,,,,,,,,,,,,,,,,,,,,,,,,,,
2009-11-15,-0.2392000000000003,,,,,,,,,,,,,,,,,,,,,,,,,,,,,,,,,,,,,
2009-12-15,0.5147000000000013,,,,,,,,,,,,,,,,,,,,,,,,,,,,,,,,,,,,,
2010-01-15,0.4832000000000036,,,,,,,,,,,,,,,,,,,,,,,,,,,,,,,,,,,,,
2010-02-15,0.34990000000000165,,,,,,,,,,,,,,,,,,,,,,,,,,,,,,,,,,,,,
2010-03-15,0.4427000000000021,,,,,,,,,,,,,,,,,,,,,,,,,,,,,,,,,,,,,
2010-04-15,0.5915000000000035,,,,,,,,,,,,,,,,,,,,,,,,,,,,,,,,,,,,,
2010-05-15,-0.40740000000000265,,,,,,,,,,,,,,,,,,,,,,,,,,,,,,,,,,,,,
2010-06-15,0.05349999999999966,,,,,,,,,,,,,,,,,,,,,,,,,,,,,,,,,,,,,
2010-07-15,-0.039500000000003865,,,,,,,,,,,,,,,,,,,,,,,,,,,,,,,,,,,,,
2010-08-15,-0.0879000000000012,,,,,,,,,,,,,,,,,,,,,,,,,,,,,,,,,,,,,
2010-09-15,-0.6377999999999986,,,,,,,,,,,,,,,,,,,,,,,,,,,,,,,,,,,,,
2010-10-15,-0.9465000000000039,,,,,,,,,,,,,,,,,,,,,,,,,,,,,,,,,,,,,
2010-11-15,-0.4405999999999999,,,,,,,,,,,,,,,,,,,,,,,,,,,,,,,,,,,,,
2010-12-15,-0.2027000000000001,,,,,,,,,,,,,,,,,,,,,,,,,,,,,,,,,,,,,
2011-01-15,-0.10329999999999728,,,,,,,,,,,,,,,,,,,,,,,,,,,,,,,,,,,,,
2011-02-15,-0.09969999999999857,,,,,,,,,,,,,,,,,,,,,,,,,,,,,,,,,,,,,
2011-03-15,-0.10889999999999844,,,,,,,,,,,,,,,,,,,,,,,,,,,,,,,,,,,,,
2011-04-15,-0.06079999999999686,,,,,,,,,,,,,,,,,,,,,,,,,,,,,,,,,,,,,
2011-05-15,-0.04040000000000177,,,,,,,,,,,,,,,,,,,,,,,,,,,,,,,,,,,,,
2011-06-15,0.14319999999999666,,,,,,,,,,,,,,,,,,,,,,,,,,,,,,,,,,,,,
2011-07-15,0.06869999999999621,,,,,,,,,,,,,,,,,,,,,,,,,,,,,,,,,,,,,
2011-08-15,0.4308999999999976,,,,,,,,,,,,,,,,,,,,,,,,,,,,,,,,,,,,,
2011-09-15,0.41180000000000305,,,,,,,,,,,,,,,,,,,,,,,,,,,,,,,,,,,,,
2011-10-15,0.5028999999999968,,,,,,,,,,,,,,,,,,,,,,,,,,,,,,,,,,,,,
2011-11-15,0.1791000000000018,,,,,,,,,,,,,,,,,,,,,,,,,,,,,,,,,,,,,
2011-12-15,0.0409000000000006,,,,,,,,,,,,,,,,,,,,,,,,,,,,,,,,,,,,,
2012-01-15,0.008800000000000807,,,,,,,,,,,,,,,,,,,,,,,,,,,,,,,,,,,,,
2012-02-15,-0.20860000000000056,,,,,,,,,,,,,,,,,,,,,,,,,,,,,,,,,,,,,
2012-03-15,0.07779999999999987,,,,,,,,,,,,,,,,,,,,,,,,,,,,,,,,,,,,,
2012-04-15,-0.5589999999999975,,,,,,,,,,,,,,,,,,,,,,,,,,,,,,,,,,,,,
2012-05-15,-0.5707000000000022,,,,,,,,,,,,,,,,,,,,,,,,,,,,,,,,,,,,,
2012-06-15,0.11089999999999733,,,,,,,,,,,,,,,,,,,,,,,,,,,,,,,,,,,,,
2012-07-15,0.685299999999998,,,,,,,,,,,,,,,,,,,,,,,,,,,,,,,,,,,,,
2012-08-15,1.062699999999996,,,,,,,,,,,,,,,,,,,,,,,,,,,,,,,,,,,,,
2012-09-15,1.0204000000000022,,,,,,,,,,,,,,,,,,,,,,,,,,,,,,,,,,,,,
2012-10-15,0.38549999999999685,,,,,,,,,,,,,,,,,,,,,,,,,,,,,,,,,,,,,
2012-11-15,0.0033999999999991815,,,,,,,,,,,,,,,,,,,,,,,,,,,,,,,,,,,,,
2012-12-15,0.3204000000000029,,,,,,,,,,,,,,,,,,,,,,,,,,,,,,,,,,,,,
2013-01-15,0.23640000000000327,,,,,,,,,,,,,,,,,,,,,,,,,,,,,,,,,,,,,
2013-02-15,-0.055699999999998084,,,,,,,,,,,,,,,,,,,,,,,,,,,,,,,,,,,,,
2013-03-15,-0.11949999999999861,,,,,,,,,,,,,,,,,,,,,,,,,,,,,,,,,,,,,
2013-04-15,-0.16889999999999716,,,,,,,,,,,,,,,,,,,,,,,,,,,,,,,,,,,,,
2013-05-15,-0.3899000000000008,,,,,,,,,,,,,,,,,,,,,,,,,,,,,,,,,,,,,
2013-06-15,-0.21740000000000492,,,,,,,,,,,,,,,,,,,,,,,,,,,,,,,,,,,,,
2013-07-15,-0.4349999999999987,,,,,,,,,,,,,,,,,,,,,,,,,,,,,,,,,,,,,
2013-08-15,-0.09540000000000148,,,,,,,,,,,,,,,,,,,,,,,,,,,,,,,,,,,,,
2013-09-15,-0.2876999999999974,,,,,,,,,,,,,,,,,,,,,,,,,,,,,,,,,,,,,
2013-10-15,-0.1186000000000007,,,,,,,,,,,,,,,,,,,,,,,,,,,,,,,,,,,,,
2013-11-15,-0.02919999999999945,,,,,,,,,,,,,,,,,,,,,,,,,,,,,,,,,,,,,
2013-12-15,-0.2272999999999996,,,,,,,,,,,,,,,,,,,,,,,,,,,,,,,,,,,,,
2014-01-15,-0.10189999999999699,,,,,,,,,,,,,,,,,,,,,,,,,,,,,,,,,,,,,
2014-02-15,-0.025600000000000733,,,,,,,,,,,,,,,,,,,,,,,,,,,,,,,,,,,,,
2014-03-15,-0.07199999999999918,,,,,,,,,,,,,,,,,,,,,,,,,,,,,,,,,,,,,
2014-04-15,-0.08219999999999672,,,,,,,,,,,,,,,,,,,,,,,,,,,,,,,,,,,,,
2014-05-15,0.3576999999999977,,,,,,,,,,,,,,,,,,,,,,,,,,,,,,,,,,,,,
2014-06-15,0.07929999999999637,,,,,,,,,,,,,,,,,,,,,,,,,,,,,,,,,,,,,
2014-07-15,-0.2814000000000014,,,,,,,,,,,,,,,,,,,,,,,,,,,,,,,,,,,,,
2014-08-15,-0.6350000000000016,,,,,,,,,,,,,,,,,,,,,,,,,,,,,,,,,,,,,
2014-09-15,-0.3289999999999971,,,,,,,,,,,,,,,,,,,,,,,,,,,,,,,,,,,,,
2014-10-15,0.011599999999997834,,,,,,,,,,,,,,,,,,,,,,,,,,,,,,,,,,,,,
2014-11-15,0.18189999999999884,,,,,,,,,,,,,,,,,,,,,,,,,,,,,,,,,,,,,
2014-12-15,-0.1720000000000006,,,,,,,,,,,,,,,,,,,,,,,,,,,,,,,,,,,,,
2015-01-15,-0.41039999999999566,,,,,,,,,,,,,,,,,,,,,,,,,,,,,,,,,,,,,
2015-02-15,-0.19370000000000331,,,,,,,,,,,,,,,,,,,,,,,,,,,,,,,,,,,,,
2015-03-15,0.09830000000000183,,,,,,,,,,,,,,,,,,,,,,,,,,,,,,,,,,,,,
2015-04-15,0.2682000000000002,,,,,,,,,,,,,,,,,,,,,,,,,,,,,,,,,,,,,
2015-05-15,0.19569999999999865,,,,,,,,,,,,,,,,,,,,,,,,,,,,,,,,,,,,,
2015-06-15,0.226899999999997,,,,,,,,,,,,,,,,,,,,,,,,,,,,,,,,,,,,,
2015-07-15,0.23879999999999768,,,,,,,,,,,,,,,,,,,,,,,,,,,,,,,,,,,,,
2015-08-15,0.911799999999996,,,,,,,,,,,,,,,,,,,,,,,,,,,,,,,,,,,,,
2015-09-15,0.9801000000000037,,,,,,,,,,,,,,,,,,,,,,,,,,,,,,,,,,,,,
2015-10-15,0.5234999999999985,,,,,,,,,,,,,,,,,,,,,,,,,,,,,,,,,,,,,
2015-11-15,0.45860000000000056,,,,,,,,,,,,,,,,,,,,,,,,,,,,,,,,,,,,,
2015-12-15,-0.030000000000001137,,,,,,,,,,,,,,,,,,,,,,,,,,,,,,,,,,,,,
2016-01-15,-0.21799999999999997,,,,,,,,,,,,,,,,,,,,,,,,,,,,,,,,,,,,,
2016-02-15,-0.3440000000000012,,,,,,,,,,,,,,,,,,,,,,,,,,,,,,,,,,,,,
2016-03-15,-0.12039999999999651,,,,,,,,,,,,,,,,,,,,,,,,,,,,,,,,,,,,,
2016-04-15,-0.06259999999999977,,,,,,,,,,,,,,,,,,,,,,,,,,,,,,,,,,,,,
2016-05-15,-0.296400000000002,,,,,,,,,,,,,,,,,,,,,,,,,,,,,,,,,,,,,
2016-06-15,-0.49310000000000187,,,,,,,,,,,,,,,,,,,,,,,,,,,,,,,,,,,,,
2016-07-15,-1.1567000000000007,,,,,,,,,,,,,,,,,,,,,,,,,,,,,,,,,,,,,
2016-08-15,-0.4429000000000052,,,,,,,,,,,,,,,,,,,,,,,,,,,,,,,,,,,,,
2016-09-15,-0.8901000000000003,,,,,,,,,,,,,,,,,,,,,,,,,,,,,,,,,,,,,
2016-10-15,-0.41480000000000317,,,,,,,,,,,,,,,,,,,,,,,,,,,,,,,,,,,,,
2016-11-15,-0.19989999999999952,,,,,,,,,,,,,,,,,,,,,,,,,,,,,,,,,,,,,
2016-12-15,-0.1153999999999975,,,,,,,,,,,,,,,,,,,,,,,,,,,,,,,,,,,,,
2017-01-15,-0.047299999999996345,,,,,,,,,,,,,,,,,,,,,,,,,,,,,,,,,,,,,
2017-02-15,0.44239999999999924,,,,,,,,,,,,,,,,,,,,,,,,,,,,,,,,,,,,,
2017-03-15,0.5700000000000003,,,,,,,,,,,,,,,,,,,,,,,,,,,,,,,,,,,,,
2017-04-15,0.7861000000000011,,,,,,,,,,,,,,,,,,,,,,,,,,,,,,,,,,,,,
2017-05-15,1.1732999999999976,,,,,,,,,,,,,,,,,,,,,,,,,,,,,,,,,,,,,
2017-06-15,0.8613999999999962,,,,,,,,,,,,,,,,,,,,,,,,,,,,,,,,,,,,,
2017-07-15,0.6744999999999983,,,,,,,,,,,,,,,,,,,,,,,,,,,,,,,,,,,,,
2017-08-15,1.1483999999999988,,,,,,,,,,,,,,,,,,,,,,,,,,,,,,,,,,,,,
2017-09-15,0.6114999999999995,,,,,,,,,,,,,,,,,,,,,,,,,,,,,,,,,,,,,
2017-10-15,0.5323999999999991,,,,,,,,,,,,,,,,,,,,,,,,,,,,,,,,,,,,,
2017-11-15,0.42579999999999885,,,,,,,,,,,,,,,,,,,,,,,,,,,,,,,,,,,,,
2017-12-15,0.5192000000000014,,,,,,,,,,,,,,,,,,,,,,,,,,,,,,,,,,,,,
2018-01-15,0.24490000000000123,,,,,,,,,,,,,,,,,,,,,,,,,,,,,,,,,,,,,
2018-02-15,1.1862999999999992,,,,,,,,,,,,,,,,,,,,,,,,,,,,,,,,,,,,,
2018-03-15,0.5279000000000025,,,,,,,,,,,,,,,,,,,,,,,,,,,,,,,,,,,,,
2018-04-15,0.07960000000000278,,,,,,,,,,,,,,,,,,,,,,,,,,,,,,,,,,,,,
2018-05-15,0.8880999999999979,,,,,,,,,,,,,,,,,,,,,,,,,,,,,,,,,,,,,
2018-06-15,0.9877999999999965,,,,,,,,,,,,,,,,,,,,,,,,,,,,,,,,,,,,,
2018-07-15,0.8732000000000006,,,,,,,,,,,,,,,,,,,,,,,,,,,,,,,,,,,,,
2018-08-15,0.5521999999999956,,,,,,,,,,,,,,,,,,,,,,,,,,,,,,,,,,,,,
2018-09-15,1.338200000000004,,,,,,,,,,,,,,,,,,,,,,,,,,,,,,,,,,,,,
2018-10-15,0.5615999999999985,,,,,,,,,,,,,,,,,,,,,,,,,,,,,,,,,,,,,
2018-11-15,0.8735999999999997,,,,,,,,,,,,,,,,,,,,,,,,,,,,,,,,,,,,,
2018-12-15,0.6887000000000008,,,,,,,,,,,,,,,,,,,,,,,,,,,,,,,,,,,,,
2019-01-15,0.33070000000000377,,,,,,,,,,,,,,,,,,,,,,,,,,,,,,,,,,,,,
2019-02-15,-0.07339999999999947,,,,,,,,,,,,,,,,,,,,,,,,,,,,,,,,,,,,,
2019-03-15,-0.05030000000000001,,,,,,,,,,,,,,,,,,,,,,,,,,,,,,,,,,,,,
2019-04-15,0.13300000000000267,,,,,,,,,,,,,,,,,,,,,,,,,,,,,,,,,,,,,
2019-05-15,1.028699999999997,,,,,,,,,,,,,,,,,,,,,,,,,,,,,,,,,,,,,
2019-06-15,0.406099999999995,,,,,,,,,,,,,,,,,,,,,,,,,,,,,,,,,,,,,
2019-07-15,0.5966000000000022,,,,,,,,,,,,,,,,,,,,,,,,,,,,,,,,,,,,,
2019-08-15,1.0486999999999966,,,,,,,,,,,,,,,,,,,,,,,,,,,,,,,,,,,,,
2019-09-15,1.1380000000000017,,,,,,,,,,,,,,,,,,,,,,,,,,,,,,,,,,,,,
2019-10-15,1.4393999999999956,,,,,,,,,,,,,,,,,,,,,,,,,,,,,,,,,,,,,
2019-11-15,1.6141000000000005,,,,,,,,,,,,,,,,,,,,,,,,,,,,,,,,,,,,,
2019-12-15,0.26069999999999993,,,,,,,,,,,,,,,,,,,,,,,,,,,,,,,,,,,,,
2020-01-15,0.2907000000000046,,,,,,,,,,,,,,,,,,,,,,,,,,,,,,,,,,,,,
2020-02-15,-0.1335000000000015,,,,,,,,,,,,,,,,,,,,,,,,,,,,,,,,,,,,,
2020-03-15,-0.17169999999999774,,,,,,,,,,,,,,,,,,,,,,,,,,,,,,,,,,,,,
2020-04-15,-0.19329999999999714,,,,,,,,,,,,,,,,,,,,,,,,,,,,,,,,,,,,,
2020-05-15,0.4555999999999969,,,,,,,,,,,,,,,,,,,,,,,,,,,,,,,,,,,,,
2020-06-15,0.6745999999999945,,,,,,,,,,,,,,,,,,,,,,,,,,,,,,,,,,,,,
2020-07-15,0.3103999999999978,,,,,,,,,,,,,,,,,,,,,,,,,,,,,,,,,,,,,
2020-08-15,-0.3647000000000027,,,,,,,,,,,,,,,,,,,,,,,,,,,,,,,,,,,,,
2020-09-15,-0.3700999999999972,,,,,,,,,,,,,,,,,,,,,,,,,,,,,,,,,,,,,
2020-10-15,0.0887999999999991,,,,,,,,,,,,,,,,,,,,,,,,,,,,,,,,,,,,,
2020-11-15,-0.09919999999999973,,,,,,,,,,,,,,,,,,,,,,,,,,,,,,,,,,,,,
2020-12-15,0.11049999999999827,,,,,,,,,,,,,,,,,,,,,,,,,,,,,,,,,,,,,
2021-01-15,0.11110000000000397,,,,,,,,,,,,,,,,,,,,,,,,,,,,,,,,,,,,,
2021-02-15,0.40859999999999985,,,,,,,,,,,,,,,,,,,,,,,,,,,,,,,,,,,,,
2021-03-15,0.11870000000000047,,,,,,,,,,,,,,,,,,,,,,,,,,,,,,,,,,,,,
2021-04-15,0.206700000000005,,,,,,,,,,,,,,,,,,,,,,,,,,,,,,,,,,,,,
2021-05-15,-0.39290000000000447,,,,,,,,,,,,,,,,,,,,,,,,,,,,,,,,,,,,,
2021-06-15,-0.244800000000005,,,,,,,,,,,,,,,,,,,,,,,,,,,,,,,,,,,,,
2021-07-15,-0.5040000000000013,,,,,,,,,,,,,,,,,,,,,,,,,,,,,,,,,,,,,
2021-08-15,-0.2231000000000023,,,,,,,,,,,,,,,,,,,,,,,,,,,,,,,,,,,,,
2021-09-15,-0.26399999999999935,,,,,,,,,,,,,,,,,,,,,,,,,,,,,,,,,,,,,
2021-10-15,-0.48200000000000287,,,,,,,,,,,,,,,,,,,,,,,,,,,,,,,,,,,,,
2021-11-15,-0.06900000000000261,,,,,,,,,,,,,,,,,,,,,,,,,,,,,,,,,,,,,
2021-12-15,-0.03909999999999769,,,,,,,,,,,,,,,,,,,,,,,,,,,,,,,,,,,,,
2022-01-15,-0.34689999999999444,,,,,,,,,,,,,,,,,,,,,,,,,,,,,,,,,,,,,
2022-02-15,-0.24370000000000047,,,,,,,,,,,,,,,,,,,,,,,,,,,,,,,,,,,,,
2022-03-15,-0.0218999999999987,,,,,,,,,,,,,,,,,,,,,,,,,,,,,,,,,,,,,
2022-04-15,-0.3883999999999972,,,,,,,,,,,,,,,,,,,,,,,,,,,,,,,,,,,,,
2022-05-15,-0.4870000000000019,,,,,,,,,,,,,,,,,,,,,,,,,,,,,,,,,,,,,
2022-06-15,-0.32220000000000226,,,,,,,,,,,,,,,,,,,,,,,,,,,,,,,,,,,,,
2022-07-15,-0.870000000000001,,,,,,,,,,,,,,,,,,,,,,,,,,,,,,,,,,,,,
2022-08-15,-0.8884000000000007,,,,,,,,,,,,,,,,,,,,,,,,,,,,,,,,,,,,,
2022-09-15,-0.7795999999999985,,,,,,,,,,,,,,,,,,,,,,,,,,,,,,,,,,,,,
2022-10-15,-0.6831000000000031,,,,,,,,,,,,,,,,,,,,,,,,,,,,,,,,,,,,,
2022-11-15,-0.13250000000000028,,,,,,,,,,,,,,,,,,,,,,,,,,,,,,,,,,,,,
2022-12-15,0.4207000000000001,,,,,,,,,,,,,,,,,,,,,,,,,,,,,,,,,,,,,
2023-01-15,0.23610000000000397,,,,,,,,,,,,,,,,,,,,,,,,,,,,,,,,,,,,,
2023-02-15,0.5071000000000012,,,,,,,,,,,,,,,,,,,,,,,,,,,,,,,,,,,,,
2023-03-15,0.502200000000002,,,,,,,,,,,,,,,,,,,,,,,,,,,,,,,,,,,,,
2023-04-15,0.12870000000000203,,,,,,,,,,,,,,,,,,,,,,,,,,,,,,,,,,,,,
2023-05-15,0.1404999999999994,,,,,,,,,,,,,,,,,,,,,,,,,,,,,,,,,,,,,
2023-06-15,0.16689999999999472,,,,,,,,,,,,,,,,,,,,,,,,,,,,,,,,,,,,,
2023-07-15,0.32730000000000103,,,,,,,,,,,,,,,,,,,,,,,,,,,,,,,,,,,,,
2023-08-15,0.9316999999999958,,,,,,,,,,,,,,,,,,,,,,,,,,,,,,,,,,,,,
2023-09-15,0.9852000000000025,,,,,,,,,,,,,,,,,,,,,,,,,,,,,,,,,,,,,
2023-10-15,1.4830000000000005,,,,,,,,,,,,,,,,,,,,,,,,,,,,,,,,,,,,,
2023-11-15,1.0808,,,,,,,,,,,,,,,,,,,,,,,,,,,,,,,,,,,,,
2023-12-15,0.9885999999999981,,,,,,,,,,,,,,,,,,,,,,,,,,,,,,,,,,,,,
2024-01-15,0.6985000000000028,,,,,,,,,,,,,,,,,,,,,,,,,,,,,,,,,,,,,
2024-02-15,0.34469999999999956,,,,,,,,,,,,,,,,,,,,,,,,,,,,,,,,,,,,,
2024-03-15,0.7344000000000008,,,,,,,,,,,,,,,,,,,,,,,,,,,,,,,,,,,,,
2024-04-15,0.18120000000000402,,,,,,,,,,,,,,,,,,,,,,,,,,,,,,,,,,,,,
2024-05-15,0.28179999999999694,,,,,,,,,,,,,,,,,,,,,,,,,,,,,,,,,,,,,
2024-06-15,-0.16410000000000124,,,,,,,,,,,,,,,,,,,,,,,,,,,,,,,,,,,,,
2024-07-15,-0.2651000000000039,,,,,,,,,,,,,,,,,,,,,,,,,,,,,,,,,,,,,
2024-08-15,0.3291999999999966,,,,,,,,,,,,,,,,,,,,,,,,,,,,,,,,,,,,,
2024-09-15,0.2836000000000034,,,,,,,,,,,,,,,,,,,,,,,,,,,,,,,,,,,,,
2024-10-15,-0.4150000000000027,,,,,,,,,,,,,,,,,,,,,,,,,,,,,,,,,,,,,
2024-11-15,-0.5296999999999983,,,,,,,,,,,,,,,,,,,,,,,,,,,,,,,,,,,,,
2024-12-15,-0.4928999999999988,,,,,,,,,,,,,,,,,,,,,,,,,,,,,,,,,,,,,
2025-01-15,-0.41589999999999705,,,,,,,,,,,,,,,,,,,,,,,,,,,,,,,,,,,,,
2025-02-15,-0.017600000000001614,,,,,,,,,,,,,,,,,,,,,,,,,,,,,,,,,,,,,
2025-03-15,0.28820000000000334,,,,,,,,,,,,,,,,,,,,,,,,,,,,,,,,,,,,,
2025-04-15,0.2906000000000013,,,,,,,,,,,,,,,,,,,,,,,,,,,,,,,,,,,,,
2025-05-15,0.3036999999999992,,,,,,,,,,,,,,,,,,,,,,,,,,,,,,,,,,,,,
2025-06-15,0.13999999999999702,,,,,,,,,,,,,,,,,,,,,,,,,,,,,,,,,,,,,
2025-07-15,-0.11490000000000222,,,,,,,,,,,,,,,,,,,,,,,,,,,,,,,,,,,,,
2025-08-15,-0.5823000000000036,,,,,,,,,,,,,,,,,,,,,,,,,,,,,,,,,,,,,
2025-09-15,-0.6937999999999995,,,,,,,,,,,,,,,,,,,,,,,,,,,,,,,,,,,,,
2025-10-15,-0.7936000000000014,,,,,,,,,,,,,,,,,,,,,,,,,,,,,,,,,,,,,
2025-11-15,-0.546599999999998,,,,,,,,,,,,,,,,,,,,,,,,,,,,,,,,,,,,,
2025-12-15,-0.2575999999999965,-0.2575999999999965,-0.2575999999999965,-0.2575999999999965,-0.2575999999999965,-0.2575999999999965,-0.2575999999999965,-0.2575999999999965,-0.2575999999999965,-0.2575999999999965,-0.2575999999999965,-0.2575999999999965,-0.2575999999999965,-0.2575999999999965,-0.2575999999999965,-0.2575999999999965,-0.2575999999999965,-0.2575999999999965,-0.2575999999999965,-0.2575999999999965,-0.2575999999999965,-0.2575999999999965,-0.2575999999999965,-0.2575999999999965,-0.2575999999999965,-0.2575999999999965,-0.2575999999999965,-0.2575999999999965,-0.2575999999999965,-0.2575999999999965,-0.2575999999999965,-0.2575999999999965,-0.2575999999999965,-0.2575999999999965,-0.2575999999999965,-0.2575999999999965,-0.2575999999999965,-0.2575999999999965
2026-01-15,,,,,,,,,,,,,,,,,,,,,,,,,,,,,,,,,,,,,,
2026-02-15,,-0.11027680833333335,,-0.19909876666666668,-0.021454849999999987,,,,,,,,,,-0.5156210999999999,-0.301172,-0.59415,0.20813320000000002,-0.09305299999999994,-0.20560200000000006,-0.2777267,-0.497724,-0.24351029999999999,0.602729,-0.2074812,-0.2640071,0.262058,0.3345558,0.034384,-0.02873300000000001,-0.26738069999999997,-0.2728871,0.055508,-0.11036200000000002,-0.411693,0.037775,-0.14812419999999998,0.25744100000000003
2026-03-15,,-0.08339215208333334,,-0.026492000000000012,-0.1402923041666667,,,,,,,,,,-0.05458400000000002,-0.577007,0.0824787,-0.06651409999999999,0.10012200000000004,-0.30272600000000005,0.3993761,-0.5834128,0.4010356,0.3524435,-0.018801,-0.050315,-0.18715100000000007,-0.02917900000000001,-0.43884100000000004,-0.712501,0.08824599999999996,-0.017599000000000004,-0.2770022,-0.007817999999999992,-0.2028855,0.012829,0.17458225,-0.08618819999999999
2026-04-15,,-0.06120978958333332,,0.0036509916666666773,-0.12607057083333334,,,,,,,,,,0.08741399999999999,0.006560400000000008,-0.3659152,-0.12980099999999997,0.23487800000000003,-0.029878000000000016,0.1359493,0.1556079,0.2919705,0.279079,-0.663631,0.041578000000000004,0.14121499999999998,-0.43142685,-0.18710400000000002,-0.542638,-0.1938587,-0.1507543,-0.02646699999999999,-0.391955,0.455515,-0.04735100000000003,0.331616,-0.469638
2026-05-15,,-0.06691353333333334,,-0.027591858333333344,-0.10623520833333337,,,,,,,,,,-0.35353300000000004,0.053503999999999996,-0.3424799,-0.11291100000000001,0.46273800000000004,-0.26342,0.061857100000000005,0.12139899999999998,0.2843197,0.277742,-0.383042,-0.13727620000000001,0.45109299999999997,-0.406911,-0.297588,0.020606999999999986,-0.277992,-0.709586,0.0038619999999999904,-0.594141,0.378689,0.12230200000000002,-0.0073904999999999995,0.04223299999999999
2026-06-15,,0.08035971133333333,,0.1598595135,0.0008599091666666425,,,,,,,,,,-0.329502,0.454266,0.084982,0.30795999999999996,0.831097,-0.362654,-0.4014676,0.7747433,0.27860700000000005,0.506659462,-0.16648800000000002,-0.059889,0.1494899999999999,-0.07558799999999999,0.092194,-0.6906523,0.45147302,-0.51526,0.163013,-0.1424088,-0.026812000000000002,0.40114299999999997,-0.03539101,0.23911799999999997
2026-07-15,,0.15607723750000002,,0.31327963333333336,-0.0011251583333333065,,,,,,,,,,0.09940199999999999,0.49246100000000004,0.054544999999999955,0.48807000000000006,0.702518,0.133977,-0.395551,0.9216500000000001,0.3195436,0.909257,0.15677300000000005,-0.12329000000000001,-0.1271,-0.46515,-0.5078659999999999,-0.8699659,0.569615,0.09233099999999998,0.269481,0.009702000000000016,0.47743100000000005,0.600406,-0.176985,0.114599
2026-08-15,,0.15363752458333332,,0.4143132033333334,-0.10703815416666664,,,,,,,,,,0.05360599999999993,-0.03439500000000001,-0.06660600000000005,0.788238,0.72854244,0.011800000000000033,-0.6154251000000001,1.7856480000000001,0.3117351,1.3386550000000002,0.6800189999999999,-0.010059000000000012,-0.07064999999999988,-0.8672259999999999,-0.6184559999999999,-1.330085,0.801759,0.30584815000000004,0.051756000000000024,-0.07273999999999997,0.33721599999999996,0.950305,-0.8060879999999999,0.03390299999999999
2026-09-15,,0.2881099333333333,,0.5474031500000001,0.028816716666666697,,,,,,,,,,0.5020399999999999,0.34502900000000003,0.31692200000000004,0.432744,0.7739874000000001,0.03508899999999998,-0.5847665999999999,1.728455,0.06476099999999996,1.129998,0.957441,0.867138,-0.22558800000000012,-0.8965909999999999,-0.22311499999999995,-1.070841,0.908241,1.031491,0.2292263,0.275505,0.20818600000000004,0.867058,-1.1130966999999998,0.355325
2026-10-15,,0.2822148291666667,,0.45082891666666675,0.11360074166666663,,,,,,,,,,0.24216700000000002,0.33554100000000003,0.610857,0.5117210000000001,0.21066200000000002,-0.06342300000000001,-0.590772,1.5462570000000002,-0.16892899999999997,1.166223,0.695111,0.9145319999999999,-0.12908799999999998,-0.244684,-0.013068999999999997,-0.22662300000000002,0.482799,0.7733032,0.00029900000000002147,0.3943852,0.377687,0.4078015,-0.736596,0.27699399999999996
2026-11-15,,0.15518225833333335,,0.3058285,0.004536016666666684,,,,,,,,,,0.21989800000000004,0.26690400000000003,0.5757629999999999,-0.10223300000000002,-0.279719,-0.25704000000000005,0.14111200000000002,0.876844,-0.078042,1.0060470000000001,0.6502950000000001,0.6501129999999999,-0.1516019999999999,-0.325719,0.127013,-0.11105999999999999,0.04252599999999998,0.068027,-0.1842528,0.171634,0.15928900000000001,-0.027768999999999988,-0.22919299999999998,0.5155390000000001
2026-12-15,,,,,,,,,,,,,,,,,,,,,,,,,,,,,,,,,,,,,,
